{"1.0": 0.9958847736625515, "2.0": 0.991130820399113, "3.0": 0.9838709677419355, "4.0": 0.9839285714285714, "5.0": 0.9827089337175793, "6.0": 0.9632352941176471, "7.0": 0.9769094138543517, "8.0": 0.9705372616984402, "9.0": 0.959731543624161, "10.0": 0.9508448540706606, "11.0": 0.9204368174726989, "12.0": 0.9338709677419355, "13.0": 0.9297971918876755, "14.0": 0.9174757281553398, "15.0": 0.9296346414073072, "16.0": 0.8731942215088283, "17.0": 0.9003115264797508, "18.0": 0.8736176935229067, "19.0": 0.8554913294797688, "20.0": 0.851006711409396, "21.0": 0.8474320241691843, "22.0": 0.8409090909090909, "23.0": 0.8048048048048048, "24.0": 0.8079763663220089, "25.0": 0.7735334242837654, "26.0": 0.7557603686635944, "27.0": 0.7686453576864536, "28.0": 0.7109004739336493, "29.0": 0.7204142011834319, "30.0": 0.6706036745406824, "31.0": 0.6998394863563403, "32.0": 0.6720430107526881, "33.0": 0.674812030075188, "34.0": 0.6004056795131846, "35.0": 0.660455486542443, "36.0": 0.6210191082802548, "37.0": 0.5647058823529412, "38.0": 0.5692307692307692, "39.0": 0.5048543689320388, "40.0": 0.417910447761194, "41.0": 0.46153846153846156, "42.0": 0.36666666666666664, "43.0": 0.3333333333333333, "44.0": 0.4375, "45.0": 0.2222222222222222, "46.0": 0.16666666666666666, "47.0": 0.0, "48.0": 0.16666666666666666, "49.0": 0.0, "50.0": 0.0, "52.0": 0.0, "58.0": 0.0, "59.0": 0.0, "61.0": 0.0}