{"1.0": 6.225103123158515, "2.0": 5.981888035126235, "3.0": 5.920087575259989, "4.0": 5.663971702880243, "5.0": 5.597912524850894, "6.0": 5.306409588327254, "7.0": 5.195488721804511, "8.0": 5.208807521029193, "9.0": 4.858035714285714, "10.0": 4.740760295670539, "11.0": 4.795850622406639, "12.0": 4.833333333333333, "13.0": 4.754143646408839, "14.0": 4.745341614906832, "15.0": 4.761261261261262, "16.0": 4.557149467838963, "17.0": 4.5319894829097285, "18.0": 4.544458491361146, "19.0": 4.452927215189874, "20.0": 4.341726618705036, "21.0": 4.308451308451309, "22.0": 4.291512915129151, "23.0": 4.177168272794662, "24.0": 4.0906217070600635, "25.0": 4.006395153147088, "26.0": 3.968586387434555, "27.0": 4.010380622837371, "28.0": 3.8409172339663202, "29.0": 3.853387259858443, "30.0": 3.712406015037594, "31.0": 3.6503291880029263, "32.0": 3.669789227166276, "33.0": 3.554465161923454, "34.0": 3.3780524570394936, "35.0": 3.4963883270731, "36.0": 3.445451602460343, "37.0": 3.385175799809946, "38.0": 3.351581508515815, "39.0": 3.1807780320366135, "40.0": 3.1606203995793902, "41.0": 3.0445174783388107, "42.0": 2.965181469460018, "43.0": 2.8530646515533165, "44.0": 2.8817773075905846, "45.0": 2.8400775381633148, "46.0": 2.793414016324233, "47.0": 2.7651598676957003, "48.0": 2.594010416666667, "49.0": 2.58307210031348, "50.0": 2.5999118748623045, "51.0": 2.5870672097759675, "52.0": 2.525714285714286, "53.0": 2.4278177458033574, "54.0": 2.465249199817101, "55.0": 2.253458182592041, "56.0": 2.2769601930036187, "57.0": 2.2333645735707592, "58.0": 2.1654083733699383, "59.0": 2.1337497307775144, "60.0": 2.0703955392925595, "61.0": 2.0896744988143996, "62.0": 2.074843655436756, "63.0": 2.029265493496557, "64.0": 2.068313458262351, "65.0": 1.907223672758921, "66.0": 1.8496703296703296, "67.0": 1.7634819532908705, "68.0": 1.7475317348377997, "69.0": 1.7215189873417722, "70.0": 1.6298814843598213, "71.0": 1.71515923566879, "72.0": 1.6154041687849516, "73.0": 1.5797028456308235, "74.0": 1.6121022179363549, "75.0": 1.7264327356726432, "76.0": 1.409752361501149, "77.0": 1.5465771812080538, "78.0": 1.4486692015209126, "79.0": 1.3689024390243902, "80.0": 1.3290322580645162, "81.0": 1.3333333333333333, "82.0": 1.281296023564065, "83.0": 1.3110749185667752, "84.0": 1.3170144462279294, "85.0": 1.1569790431000395, "86.0": 1.1889400921658986, "87.0": 1.0394666666666668, "88.0": 1.2548022598870057, "89.0": 0.9629213483146067, "90.0": 1.0783964365256125, "91.0": 1.0670103092783505, "92.0": 1.0042164441321153, "93.0": 0.9621421975992613, "94.0": 0.9210799584631361, "95.0": 0.9417249417249417, "96.0": 0.7195121951219512, "97.0": 0.7196765498652291, "98.0": 0.5530864197530864, "99.0": 0.328537170263789}