{"1.0": 0.6620792150497437, "2.0": 0.5399060845375061, "3.0": 0.4845154881477356, "4.0": 0.454439252614975, "5.0": 0.41763943433761597, "6.0": 0.4150612950325012, "7.0": 0.39667457342147827, "8.0": 0.3639344274997711, "9.0": 0.3442623019218445, "10.0": 0.3100263774394989, "11.0": 0.3072625696659088, "12.0": 0.2887323796749115, "13.0": 0.16806723177433014, "14.0": 0.2347826063632965, "15.0": 0.15930598974227905}