{"26.0": 26.0, "27.0": 27.0, "28.0": 19.0, "29.0": 23.600000381469727, "30.0": 24.0, "31.0": 24.25, "32.0": 25.365854263305664, "33.0": 27.29032325744629, "34.0": 27.74757194519043, "35.0": 29.660715103149414, "36.0": 30.2027645111084, "37.0": 30.41009521484375, "38.0": 30.916461944580078, "39.0": 32.22988510131836, "40.0": 33.33234405517578, "41.0": 33.66171646118164, "42.0": 34.02583694458008, "43.0": 34.98936080932617, "44.0": 35.74074172973633, "45.0": 36.74708557128906, "46.0": 37.05976104736328, "47.0": 37.76262664794922, "48.0": 38.756378173828125, "49.0": 39.71834182739258, "50.0": 39.767555236816406, "51.0": 41.28506088256836, "52.0": 41.59192657470703, "53.0": 42.5234375, "54.0": 42.70769119262695, "55.0": 43.80367660522461, "56.0": 44.073856353759766, "57.0": 44.721797943115234, "58.0": 44.867801666259766, "59.0": 45.0228271484375, "60.0": 46.01926040649414, "61.0": 46.52495574951172, "62.0": 45.6496467590332, "63.0": 46.18214797973633, "64.0": 46.01449203491211, "65.0": 46.43540573120117, "66.0": 46.87094497680664, "67.0": 47.08531951904297, "68.0": 46.75535583496094, "69.0": 46.97215270996094, "70.0": 46.71532440185547, "71.0": 46.966835021972656, "72.0": 46.837257385253906, "73.0": 47.214744567871094, "74.0": 47.009124755859375, "75.0": 46.85315704345703, "76.0": 46.84440612792969, "77.0": 47.24452209472656, "78.0": 47.36689376831055, "79.0": 46.939239501953125, "80.0": 47.52708053588867, "81.0": 47.48491668701172, "82.0": 47.497493743896484, "83.0": 46.99203109741211, "84.0": 47.10014343261719, "85.0": 48.08955383300781, "86.0": 47.491554260253906, "87.0": 46.878787994384766, "88.0": 47.64870071411133, "89.0": 46.62084197998047, "90.0": 47.1247444152832, "91.0": 47.037357330322266, "92.0": 47.44303894042969, "93.0": 46.98479080200195, "94.0": 47.6363639831543, "95.0": 47.3305778503418, "96.0": 47.526668548583984, "97.0": 49.26771545410156, "98.0": 46.63414764404297, "99.0": 46.83168411254883}